{
    "name": "root",
    "gauges": {
        "NavigateToSpot.Policy.Entropy.mean": {
            "value": 2.1653239727020264,
            "min": 1.960426926612854,
            "max": 2.1673262119293213,
            "count": 60
        },
        "NavigateToSpot.Policy.Entropy.sum": {
            "value": 108294.34375,
            "min": 1176.1324462890625,
            "max": 108506.8984375,
            "count": 60
        },
        "NavigateToSpot.IsTraining.mean": {
            "value": 1.0,
            "min": 1.0,
            "max": 1.0,
            "count": 60
        },
        "NavigateToSpot.IsTraining.sum": {
            "value": 1.0,
            "min": 1.0,
            "max": 1.0,
            "count": 60
        },
        "NavigateToSpot.Step.mean": {
            "value": 4449991.0,
            "min": 1549942.0,
            "max": 4449991.0,
            "count": 59
        },
        "NavigateToSpot.Step.sum": {
            "value": 4449991.0,
            "min": 1549942.0,
            "max": 4449991.0,
            "count": 59
        },
        "NavigateToSpot.Policy.ExtrinsicValueEstimate.mean": {
            "value": -0.7213220596313477,
            "min": -1.1134968996047974,
            "max": -0.24828821420669556,
            "count": 59
        },
        "NavigateToSpot.Policy.ExtrinsicValueEstimate.sum": {
            "value": -719.1580810546875,
            "min": -1109.04296875,
            "max": -247.79164123535156,
            "count": 59
        },
        "NavigateToSpot.Environment.EpisodeLength.mean": {
            "value": 197.63346613545818,
            "min": 187.2689393939394,
            "max": 199.0,
            "count": 59
        },
        "NavigateToSpot.Environment.EpisodeLength.sum": {
            "value": 49606.0,
            "min": 49051.0,
            "max": 50352.0,
            "count": 59
        },
        "NavigateToSpot.Environment.CumulativeReward.mean": {
            "value": -0.9533068442724616,
            "min": -1.6173030932462125,
            "max": -0.5111385229831704,
            "count": 59
        },
        "NavigateToSpot.Environment.CumulativeReward.sum": {
            "value": -239.28001791238785,
            "min": -426.9680166170001,
            "max": -132.89601597562432,
            "count": 59
        },
        "NavigateToSpot.Policy.ExtrinsicReward.mean": {
            "value": -0.9533068442724616,
            "min": -1.6173030932462125,
            "max": -0.5111385229831704,
            "count": 59
        },
        "NavigateToSpot.Policy.ExtrinsicReward.sum": {
            "value": -239.28001791238785,
            "min": -426.9680166170001,
            "max": -132.89601597562432,
            "count": 59
        },
        "NavigateToSpot.Losses.PolicyLoss.mean": {
            "value": 0.02598154195739577,
            "min": 0.019983670787575344,
            "max": 0.027454300367583832,
            "count": 59
        },
        "NavigateToSpot.Losses.PolicyLoss.sum": {
            "value": 0.12990770978697885,
            "min": 0.08878561089901874,
            "max": 0.13727150183791917,
            "count": 59
        },
        "NavigateToSpot.Losses.ValueLoss.mean": {
            "value": 0.0997312599979341,
            "min": 0.0037152490554338636,
            "max": 0.4416483731071154,
            "count": 59
        },
        "NavigateToSpot.Losses.ValueLoss.sum": {
            "value": 0.4986562999896705,
            "min": 0.014860996221735454,
            "max": 2.208241865535577,
            "count": 59
        },
        "NavigateToSpot.Policy.LearningRate.mean": {
            "value": 0.0003,
            "min": 0.0003,
            "max": 0.0003,
            "count": 59
        },
        "NavigateToSpot.Policy.LearningRate.sum": {
            "value": 0.0014999999999999998,
            "min": 0.0012,
            "max": 0.0014999999999999998,
            "count": 59
        },
        "NavigateToSpot.Policy.Epsilon.mean": {
            "value": 0.2000000000000001,
            "min": 0.20000000000000007,
            "max": 0.2000000000000001,
            "count": 59
        },
        "NavigateToSpot.Policy.Epsilon.sum": {
            "value": 1.0000000000000004,
            "min": 0.8000000000000003,
            "max": 1.0000000000000004,
            "count": 59
        },
        "NavigateToSpot.Policy.Beta.mean": {
            "value": 0.005000000000000001,
            "min": 0.005000000000000001,
            "max": 0.005000000000000001,
            "count": 59
        },
        "NavigateToSpot.Policy.Beta.sum": {
            "value": 0.025000000000000005,
            "min": 0.020000000000000004,
            "max": 0.025000000000000005,
            "count": 59
        }
    },
    "metadata": {
        "timer_format_version": "0.1.0",
        "start_time_seconds": "1702125129",
        "python_version": "3.10.12 (main, Nov 20 2023, 15:14:05) [GCC 11.4.0]",
        "command_line_arguments": "/home/kamyk/.local/bin/mlagents-learn config/NavigateToSpot.yaml --run-id=NavigateToSpotDistance --resume",
        "mlagents_version": "1.0.0",
        "mlagents_envs_version": "1.0.0",
        "communication_protocol_version": "1.5.0",
        "pytorch_version": "2.1.1+cu121",
        "numpy_version": "1.21.2",
        "end_time_seconds": "1702137721"
    },
    "total": 12591.383283353,
    "count": 1,
    "self": 0.01482640900030674,
    "children": {
        "run_training.setup": {
            "total": 0.022690077000007136,
            "count": 1,
            "self": 0.022690077000007136
        },
        "TrainerController.start_learning": {
            "total": 12591.345766867,
            "count": 1,
            "self": 13.753070240820307,
            "children": {
                "TrainerController._reset_env": {
                    "total": 6.269544796999995,
                    "count": 1,
                    "self": 6.269544796999995
                },
                "TrainerController.advance": {
                    "total": 12571.22342055518,
                    "count": 340245,
                    "self": 14.272927069177967,
                    "children": {
                        "env_step": {
                            "total": 11452.977439994984,
                            "count": 340245,
                            "self": 10558.908043612535,
                            "children": {
                                "SubprocessEnvManager._take_step": {
                                    "total": 885.3827766432111,
                                    "count": 340245,
                                    "self": 40.28512429794171,
                                    "children": {
                                        "TorchPolicy.evaluate": {
                                            "total": 845.0976523452694,
                                            "count": 328657,
                                            "self": 845.0976523452694
                                        }
                                    }
                                },
                                "workers": {
                                    "total": 8.686619739237926,
                                    "count": 340244,
                                    "self": 0.0,
                                    "children": {
                                        "worker_root": {
                                            "total": 12547.057746509881,
                                            "count": 340244,
                                            "is_parallel": true,
                                            "self": 2735.5919074659305,
                                            "children": {
                                                "run_training.setup": {
                                                    "total": 0.0,
                                                    "count": 0,