{"cameraMode":{"drawMode":0,"name":"Shaded","section":"Shading Mode"},"sceneLighting":false,"audioPlay":false,"sceneViewState":{"m_AlwaysRefresh":false,"showFog":true,"showSkybox":false,"showFlares":true,"showImageEffects":true,"showParticleSystems":true,"showVisualEffectGraphs":true,"m_FxEnabled":true},"in2DMode":false,"pivot":{"x":0.046331167221069339,"y":1.5679055452346802,"z":1.7566699981689454},"rotation":{"x":0.019480276852846147,"y":-0.9418839812278748,"z":0.05545536428689957,"w":0.3308407664299011},"size":0.8660253882408142,"orthographic":false}