{"cameraMode":{"drawMode":0,"name":"Shaded","section":"Shading Mode"},"sceneLighting":true,"audioPlay":false,"sceneViewState":{"m_AlwaysRefresh":false,"showFog":true,"showSkybox":true,"showFlares":true,"showImageEffects":true,"showParticleSystems":true,"showVisualEffectGraphs":true,"m_FxEnabled":true},"in2DMode":false,"pivot":{"x":0.11224758625030518,"y":4.467896461486816,"z":-0.44976234436035159},"rotation":{"x":0.21285347640514375,"y":-0.0070387800224125389,"z":0.0015334257623180748,"w":0.9770580530166626},"size":44.053871154785159,"orthographic":false}