{
    "name": "root",
    "gauges": {
        "NavigateToSpot.Policy.Entropy.mean": {
            "value": 2.1205856800079346,
            "min": 0.5064836144447327,
            "max": 2.1205856800079346,
            "count": 59
        },
        "NavigateToSpot.Policy.Entropy.sum": {
            "value": 106266.7890625,
            "min": 28687.232421875,
            "max": 106331.1171875,
            "count": 59
        },
        "NavigateToSpot.Environment.EpisodeLength.mean": {
            "value": 389.67241379310343,
            "min": 95.5431654676259,
            "max": 390.0725806451613,
            "count": 59
        },
        "NavigateToSpot.Environment.EpisodeLength.sum": {
            "value": 45202.0,
            "min": 26561.0,
            "max": 59868.0,
            "count": 59
        },
        "NavigateToSpot.Step.mean": {
            "value": 2949998.0,
            "min": 49943.0,
            "max": 2949998.0,
            "count": 59
        },
        "NavigateToSpot.Step.sum": {
            "value": 2949998.0,
            "min": 49943.0,
            "max": 2949998.0,
            "count": 59
        },
        "NavigateToSpot.Policy.ExtrinsicValueEstimate.mean": {
            "value": -0.5606229305267334,
            "min": -19.12319564819336,
            "max": 0.7398030757904053,
            "count": 59
        },
        "NavigateToSpot.Policy.ExtrinsicValueEstimate.sum": {
            "value": -487.18133544921875,
            "min": -18014.05078125,
            "max": 649.547119140625,
            "count": 59
        },
        "NavigateToSpot.Environment.CumulativeReward.mean": {
            "value": -0.7255733175331662,
            "min": -4.466498764339003,
            "max": 0.9849210683732552,
            "count": 59
        },
        "NavigateToSpot.Environment.CumulativeReward.sum": {
            "value": -84.16650483384728,
            "min": -1780.4640986137092,
            "max": 130.99450209364295,
            "count": 59
        },
        "NavigateToSpot.Policy.ExtrinsicReward.mean": {
            "value": -0.7255733175331662,
            "min": -4.466498764339003,
            "max": 0.9849210683732552,
            "count": 59
        },
        "NavigateToSpot.Policy.ExtrinsicReward.sum": {
            "value": -84.16650483384728,
            "min": -1780.4640986137092,
            "max": 130.99450209364295,
            "count": 59
        },
        "NavigateToSpot.Losses.PolicyLoss.mean": {
            "value": 0.02302707723652323,
            "min": 0.020048002602610117,
            "max": 0.026702370620720707,
            "count": 59
        },
        "NavigateToSpot.Losses.PolicyLoss.sum": {
            "value": 0.11513538618261615,
            "min": 0.08808799084896843,
            "max": 0.13245372294525926,
            "count": 59
        },
        "NavigateToSpot.Losses.ValueLoss.mean": {
            "value": 0.20540896601974964,
            "min": 0.11744833319137493,
            "max": 74.29184096654257,
            "count": 59
        },
        "NavigateToSpot.Losses.ValueLoss.sum": {
            "value": 1.0270448300987483,
            "min": 0.5872416659568747,
            "max": 297.16736386617026,
            "count": 59
        },
        "NavigateToSpot.Policy.LearningRate.mean": {
            "value": 0.0002707111697629466,
            "min": 0.0002707111697629466,
            "max": 0.0002997115850961383,
            "count": 59
        },
        "NavigateToSpot.Policy.LearningRate.sum": {
            "value": 0.0013535558488147331,
            "min": 0.00109298988567005,
            "max": 0.0014938586820471068,
            "count": 59
        },
        "NavigateToSpot.Policy.Epsilon.mean": {
            "value": 0.19023705333333335,
            "min": 0.19023705333333335,
            "max": 0.19990386166666668,
            "count": 59
        },
        "NavigateToSpot.Policy.Epsilon.sum": {
            "value": 0.9511852666666667,
            "min": 0.7643299499999998,
            "max": 0.9979528933333333,
            "count": 59
        },
        "NavigateToSpot.Policy.Beta.mean": {
            "value": 0.004512828961333334,
            "min": 0.004512828961333334,
            "max": 0.004995202697166666,
            "count": 59
        },
        "NavigateToSpot.Policy.Beta.sum": {
            "value": 0.02256414480666667,
            "min": 0.018220064505,
            "max": 0.024897849377333334,
            "count": 59
        },
        "NavigateToSpot.IsTraining.mean": {
            "value": 1.0,
            "min": 1.0,
            "max": 1.0,
            "count": 59
        },
        "NavigateToSpot.IsTraining.sum": {
            "value": 1.0,
            "min": 1.0,
            "max": 1.0,
            "count": 59
        }
    },
    "metadata": {
        "timer_format_version": "0.1.0",
        "start_time_seconds": "1705337532",
        "python_version": "3.10.12 (main, Nov 20 2023, 15:14:05) [GCC 11.4.0]",
        "command_line_arguments": "/home/kamyk/.local/bin/mlagents-learn config/NavigateToSpot.yaml --run-id=NavigateToSpotRealSpeed2 --force",
        "mlagents_version": "1.0.0",
        "mlagents_envs_version": "1.0.0",
        "communication_protocol_version": "1.5.0",
        "pytorch_version": "2.1.1+cu121",
        "numpy_version": "1.21.2",
        "end_time_seconds": "1705342192"
    },
    "total": 4659.744756628999,
    "count": 1,
    "self": 0.018591004998597782,
    "children": {
        "run_training.setup": {
            "total": 0.018654658997547813,
            "count": 1,
            "self": 0.018654658997547813
        },
        "TrainerController.start_learning": {
            "total": 4659.707510965003,
            "count": 1,
            "self": 1.1436219468305353,
            "children": {
                "TrainerController._reset_env": {
                    "total": 3.8059113759991305,
                    "count": 1,
                    "self": 3.8059113759991305
                },
                "TrainerController.advance": {
                    "total": 4654.636241842167,
                    "count": 25497,
                    "self": 1.1529082219640259,
                    "children": {
                        "env_step": {
                            "total": 3744.872451867097,
                            "count": 25497,
                            "self": 3707.6553099248667,
                            "children": {
                                "SubprocessEnvManager._take_step": {
                                    "total": 36.68602125817779,
                                    "count": 25497,
                                    "self": 4.456522344957193,
                                    "children": {
                                        "TorchPolicy.evaluate": {
                                            "total": 32.229498913220596,
                                            "count": 15554,
                                            "self": 32.229498913220596
                                        }
                                    }
                                },
                                "workers": {
                                    "total": 0.5311206840524392,
                                    "count": 25496,
                                    "self": 0.0,
                                    "children": {
                                        "worker_root": {
                                            "total": 4646.604376824489,
                                            "count": 25496,
                                            "is_parallel": true,
                                            "self": 1138.2192204994935,
                                            "children": {
                                                "run_training.setup": {
                                                    "total": 0.0,
                                                    "count": 0,