{
    "name": "root",
    "gauges": {
        "NavigateToSpot.Policy.Entropy.mean": {
            "value": 1.438474178314209,
            "min": 1.4237351417541504,
            "max": 1.8758033514022827,
            "count": 321
        },
        "NavigateToSpot.Policy.Entropy.sum": {
            "value": 71532.4453125,
            "min": 22444.17578125,
            "max": 97923.4140625,
            "count": 321
        },
        "NavigateToSpot.IsTraining.mean": {
            "value": 1.0,
            "min": 1.0,
            "max": 1.0,
            "count": 321
        },
        "NavigateToSpot.IsTraining.sum": {
            "value": 1.0,
            "min": 1.0,
            "max": 1.0,
            "count": 321
        },
        "NavigateToSpot.Step.mean": {
            "value": 29999984.0,
            "min": 14049969.0,
            "max": 29999984.0,
            "count": 320
        },
        "NavigateToSpot.Step.sum": {
            "value": 29999984.0,
            "min": 14049969.0,
            "max": 29999984.0,
            "count": 320
        },
        "NavigateToSpot.Policy.ExtrinsicValueEstimate.mean": {
            "value": 1.4641193151474,
            "min": -0.019216157495975494,
            "max": 1.4641193151474,
            "count": 320
        },
        "NavigateToSpot.Policy.ExtrinsicValueEstimate.sum": {
            "value": 1284.0325927734375,
            "min": -17.04473114013672,
            "max": 1284.0325927734375,
            "count": 320
        },
        "NavigateToSpot.Losses.PolicyLoss.mean": {
            "value": 0.023981031333096325,
            "min": 0.019929042832615474,
            "max": 0.027992170534950372,
            "count": 320
        },
        "NavigateToSpot.Losses.PolicyLoss.sum": {
            "value": 0.11990515666548163,
            "min": 0.06610825166760032,
            "max": 0.1365189087538359,
            "count": 320
        },
        "NavigateToSpot.Losses.ValueLoss.mean": {
            "value": 0.7430822990338009,
            "min": 0.19433588799073068,
            "max": 0.8271570320924123,
            "count": 320
        },
        "NavigateToSpot.Losses.ValueLoss.sum": {
            "value": 3.715411495169004,
            "min": 0.5830076639721921,
            "max": 4.135785160462062,
            "count": 320
        },
        "NavigateToSpot.Policy.LearningRate.mean": {
            "value": 2.0915993031333198e-07,
            "min": 2.0915993031333198e-07,
            "max": 0.00015969508176832167,
            "count": 320
        },
        "NavigateToSpot.Policy.LearningRate.sum": {
            "value": 1.0457996515666599e-06,
            "min": 1.0457996515666599e-06,
            "max": 0.0007937690854103834,
            "count": 320
        },
        "NavigateToSpot.Policy.Epsilon.mean": {
            "value": 0.10006968666666669,
            "min": 0.10006968666666669,
            "max": 0.15323167833333334,
            "count": 320
        },
        "NavigateToSpot.Policy.Epsilon.sum": {
            "value": 0.5003484333333335,
            "min": 0.40434161,
            "max": 0.7645896166666668,
            "count": 320
        },
        "NavigateToSpot.Policy.Beta.mean": {
            "value": 1.3477364666666648e-05,
            "min": 1.3477364666666648e-05,
            "max": 0.0026662607488333336,
            "count": 320
        },
        "NavigateToSpot.Policy.Beta.sum": {
            "value": 6.738682333333324e-05,
            "min": 6.738682333333324e-05,
            "max": 0.01325302187166667,
            "count": 320
        },
        "NavigateToSpot.Environment.EpisodeLength.mean": {
            "value": 364.1678832116788,
            "min": 194.33333333333334,
            "max": 393.18435754189943,
            "count": 320
        },
        "NavigateToSpot.Environment.EpisodeLength.sum": {
            "value": 49891.0,
            "min": 4081.0,
            "max": 70902.0,
            "count": 320
        },
        "NavigateToSpot.Environment.CumulativeReward.mean": {
            "value": 5.152746760741855,
            "min": -3.0391862504184246,
            "max": 6.4420013061731405,
            "count": 320
        },
        "NavigateToSpot.Environment.CumulativeReward.sum": {
            "value": 705.9263062216341,
            "min": -63.82291125878692,
            "max": 882.5541789457202,
            "count": 320
        },
        "NavigateToSpot.Policy.ExtrinsicReward.mean": {
            "value": 5.152746760741855,
            "min": -3.0391862504184246,
            "max": 6.4420013061731405,
            "count": 320
        },
        "NavigateToSpot.Policy.ExtrinsicReward.sum": {
            "value": 705.9263062216341,
            "min": -63.82291125878692,
            "max": 882.5541789457202,
            "count": 320
        }
    },
    "metadata": {
        "timer_format_version": "0.1.0",
        "start_time_seconds": "1705391545",
        "python_version": "3.10.12 (main, Nov 20 2023, 15:14:05) [GCC 11.4.0]",
        "command_line_arguments": "/home/kamyk/.local/bin/mlagents-learn config/NavigateToSpot.yaml --run-id=NavigateToSpotRealSpeed2 --resume",
        "mlagents_version": "1.0.0",
        "mlagents_envs_version": "1.0.0",
        "communication_protocol_version": "1.5.0",
        "pytorch_version": "2.1.1+cu121",
        "numpy_version": "1.21.2",
        "end_time_seconds": "1705406358"
    },
    "total": 14813.149391085,
    "count": 1,
    "self": 0.043723671999032376,
    "children": {
        "run_training.setup": {
            "total": 0.035466030999998566,
            "count": 1,
            "self": 0.035466030999998566
        },
        "TrainerController.start_learning": {
            "total": 14813.070201382001,
            "count": 1,
            "self": 2.7254256687410816,
            "children": {
                "TrainerController._reset_env": {
                    "total": 10.609024107000039,
                    "count": 1,
                    "self": 10.609024107000039
                },
                "TrainerController.advance": {
                    "total": 14799.680029754261,
                    "count": 114511,
                    "self": 2.6631220655162906,
                    "children": {
                        "env_step": {
                            "total": 11469.97724875375,
                            "count": 114511,
                            "self": 11355.707057131505,
                            "children": {
                                "SubprocessEnvManager._take_step": {
                                    "total": 112.62920679902669,
                                    "count": 114511,
                                    "self": 10.720442779941038,
                                    "children": {
                                        "TorchPolicy.evaluate": {
                                            "total": 101.90876401908565,
                                            "count": 83362,
                                            "self": 101.90876401908565
                                        }
                                    }
                                },
                                "workers": {
                                    "total": 1.6409848232178206,
                                    "count": 114511,
                                    "self": 0.0,
                                    "children": {
                                        "worker_root": {
                                            "total": 14807.88784432882,
                                            "count": 114511,
                                            "is_parallel": true,
                                            "self": 4038.0845097840574,
                                            "children": {
                                                "run_training.setup": {
                                                    "total": 0.0,