{"cameraMode":{"drawMode":0,"name":"Shaded","section":"Shading Mode"},"sceneLighting":false,"audioPlay":false,"sceneViewState":{"m_AlwaysRefresh":false,"showFog":true,"showSkybox":false,"showFlares":true,"showImageEffects":true,"showParticleSystems":true,"showVisualEffectGraphs":true,"m_FxEnabled":true},"in2DMode":false,"pivot":{"x":1.0054693222045899,"y":0.44064056873321535,"z":-0.3281077742576599},"rotation":{"x":-0.05175572633743286,"y":-0.7104621529579163,"z":0.052530523389577869,"w":-0.6998767256736755},"size":2.5095269680023195,"orthographic":false}