{"cameraMode":{"drawMode":0,"name":"Shaded","section":"Shading Mode"},"sceneLighting":false,"audioPlay":false,"sceneViewState":{"m_AlwaysRefresh":false,"showFog":true,"showSkybox":false,"showFlares":true,"showImageEffects":true,"showParticleSystems":true,"showVisualEffectGraphs":true,"m_FxEnabled":true},"in2DMode":false,"pivot":{"x":1.0240628719329835,"y":0.8578371405601502,"z":1.2736133337020875},"rotation":{"x":0.029071100056171418,"y":-0.6894127726554871,"z":-0.027738967910408975,"w":-0.7233168482780457},"size":1.9591243267059327,"orthographic":false}