{"cameraMode":{"drawMode":0,"name":"Shaded","section":"Shading Mode"},"sceneLighting":false,"audioPlay":false,"sceneViewState":{"m_AlwaysRefresh":false,"showFog":true,"showSkybox":false,"showFlares":true,"showImageEffects":true,"showParticleSystems":true,"showVisualEffectGraphs":true,"m_FxEnabled":true},"in2DMode":false,"pivot":{"x":-0.0894852876663208,"y":0.03557722270488739,"z":0.5349586009979248},"rotation":{"x":0.030330438166856767,"y":-0.7604171633720398,"z":0.03563383221626282,"w":0.6478172540664673},"size":0.4358898997306824,"orthographic":false}