{
    "name": "root",
    "gauges": {
        "NavigateToSpot.Policy.Entropy.mean": {
            "value": 2.1279923915863037,
            "min": 2.114527463912964,
            "max": 2.1852378845214844,
            "count": 10
        },
        "NavigateToSpot.Policy.Entropy.sum": {
            "value": 106178.3046875,
            "min": 1258.368408203125,
            "max": 108877.2890625,
            "count": 10
        },
        "NavigateToSpot.IsTraining.mean": {
            "value": 1.0,
            "min": 1.0,
            "max": 1.0,
            "count": 10
        },
        "NavigateToSpot.IsTraining.sum": {
            "value": 1.0,
            "min": 1.0,
            "max": 1.0,
            "count": 10
        },
        "NavigateToSpot.Step.mean": {
            "value": 3449966.0,
            "min": 3049992.0,
            "max": 3449966.0,
            "count": 9
        },
        "NavigateToSpot.Step.sum": {
            "value": 3449966.0,
            "min": 3049992.0,
            "max": 3449966.0,
            "count": 9
        },
        "NavigateToSpot.Policy.ExtrinsicValueEstimate.mean": {
            "value": -0.4892593026161194,
            "min": -0.5472485423088074,
            "max": -0.14660803973674774,
            "count": 9
        },
        "NavigateToSpot.Policy.ExtrinsicValueEstimate.sum": {
            "value": -489.7485656738281,
            "min": -547.24853515625,
            "max": -145.875,
            "count": 9
        },
        "NavigateToSpot.Environment.EpisodeLength.mean": {
            "value": 196.65748031496062,
            "min": 196.65748031496062,
            "max": 198.496,
            "count": 9
        },
        "NavigateToSpot.Environment.EpisodeLength.sum": {
            "value": 49951.0,
            "min": 48891.0,
            "max": 50239.0,
            "count": 9
        },
        "NavigateToSpot.Environment.CumulativeReward.mean": {
            "value": -1.0745040063020281,
            "min": -1.1208791027987195,
            "max": -1.0066760709732772,
            "count": 9
        },
        "NavigateToSpot.Environment.CumulativeReward.sum": {
            "value": -272.92401760071516,
            "min": -277.97801749408245,
            "max": -251.66901774331927,
            "count": 9
        },
        "NavigateToSpot.Policy.ExtrinsicReward.mean": {
            "value": -1.0745040063020281,
            "min": -1.1208791027987195,
            "max": -1.0066760709732772,
            "count": 9
        },
        "NavigateToSpot.Policy.ExtrinsicReward.sum": {
            "value": -272.92401760071516,
            "min": -277.97801749408245,
            "max": -251.66901774331927,
            "count": 9
        },
        "NavigateToSpot.Losses.PolicyLoss.mean": {
            "value": 0.024284300913568587,
            "min": 0.022044414302217773,
            "max": 0.025468367990106343,
            "count": 9
        },
        "NavigateToSpot.Losses.PolicyLoss.sum": {
            "value": 0.12142150456784294,
            "min": 0.0881776572088711,
            "max": 0.12734183995053172,
            "count": 9
        },
        "NavigateToSpot.Losses.ValueLoss.mean": {
            "value": 0.03401429625693709,
            "min": 0.014770711237409462,
            "max": 0.11429926991695538,
            "count": 9
        },
        "NavigateToSpot.Losses.ValueLoss.sum": {
            "value": 0.17007148128468544,
            "min": 0.07385355618704731,
            "max": 0.5714963495847769,
            "count": 9
        },
        "NavigateToSpot.Policy.LearningRate.mean": {
            "value": 0.0003,
            "min": 0.0003,
            "max": 0.0003,
            "count": 9
        },
        "NavigateToSpot.Policy.LearningRate.sum": {
            "value": 0.0014999999999999998,
            "min": 0.0012,
            "max": 0.0014999999999999998,
            "count": 9
        },
        "NavigateToSpot.Policy.Epsilon.mean": {
            "value": 0.2000000000000001,
            "min": 0.20000000000000007,
            "max": 0.2000000000000001,
            "count": 9
        },
        "NavigateToSpot.Policy.Epsilon.sum": {
            "value": 1.0000000000000004,
            "min": 0.8000000000000003,
            "max": 1.0000000000000004,
            "count": 9
        },
        "NavigateToSpot.Policy.Beta.mean": {
            "value": 0.005000000000000001,
            "min": 0.005000000000000001,
            "max": 0.005000000000000001,
            "count": 9
        },
        "NavigateToSpot.Policy.Beta.sum": {
            "value": 0.025000000000000005,
            "min": 0.020000000000000004,
            "max": 0.025000000000000005,
            "count": 9
        }
    },
    "metadata": {
        "timer_format_version": "0.1.0",
        "start_time_seconds": "1702055599",
        "python_version": "3.10.12 (main, Nov 20 2023, 15:14:05) [GCC 11.4.0]",
        "command_line_arguments": "/home/kamyk/.local/bin/mlagents-learn config/NavigateToSpot.yaml --initialize-from=NavigateToSpotSensors --run-id=NavigateToSpotRotations --resume",
        "mlagents_version": "1.0.0",
        "mlagents_envs_version": "1.0.0",
        "communication_protocol_version": "1.5.0",
        "pytorch_version": "2.1.1+cu121",
        "numpy_version": "1.21.2",
        "end_time_seconds": "1702057150"
    },
    "total": 1551.3838854649998,
    "count": 1,
    "self": 0.01280083000006016,
    "children": {
        "run_training.setup": {
            "total": 0.01704509399996823,
            "count": 1,
            "self": 0.01704509399996823
        },
        "TrainerController.start_learning": {
            "total": 1551.3540395409998,
            "count": 1,
            "self": 1.8713592870337834,
            "children": {
                "TrainerController._reset_env": {
                    "total": 5.871340945000156,
                    "count": 1,
                    "self": 5.871340945000156
                },
                "TrainerController.advance": {
                    "total": 1543.519242754966,
                    "count": 52990,
                    "self": 1.6891964859009931,
                    "children": {
                        "env_step": {
                            "total": 1409.581863899064,
                            "count": 52990,
                            "self": 1294.3324091191814,
                            "children": {
                                "SubprocessEnvManager._take_step": {
                                    "total": 114.08343151892473,
                                    "count": 52990,
                                    "self": 5.067974876893004,
                                    "children": {
                                        "TorchPolicy.evaluate": {
                                            "total": 109.01545664203172,
                                            "count": 51161,
                                            "self": 109.01545664203172
                                        }
                                    }
                                },
                                "workers": {
                                    "total": 1.1660232609578998,
                                    "count": 52989,
                                    "self": 0.0,
                                    "children": {
                                        "worker_root": {
                                            "total": 1487.3175084550082,
                                            "count": 52989,
                                            "is_parallel": true,
                                            "self": 349.8550363660829,
                                            "children": {
                                                "run_training.setup": {
                                                    "total": 0.0,
                                                    "count": 0,