{"count":1,"self":2970.8722175999997,"total":4290.5179249,"children":{"InitializeActuators":{"count":192,"self":0.0070291,"total":0.0070291,"children":null},"InitializeSensors":{"count":192,"self":0.0010620999999999998,"total":0.0010620999999999998,"children":null},"AgentSendState":{"count":77784,"self":8.8840887999999989,"total":47.1234068,"children":{"CollectObservations":{"count":2986944,"self":11.8989072,"total":11.898907099999999,"children":null},"WriteActionMask":{"count":2986944,"self":2.431202,"total":2.431202,"children":null},"RequestDecision":{"count":2986944,"self":6.5497856,"total":23.9092092,"children":{"AgentInfo.ToProto":{"count":2986944,"self":5.1575951999999994,"total":17.3594235,"children":{"GenerateSensorData":{"count":2986944,"self":12.2018288,"total":12.2018285,"children":null}}}}}}},"DecideAction":{"count":77784,"self":1250.5014271999999,"total":1250.5014412,"children":null},"AgentAct":{"count":77784,"self":21.6612576,"total":21.7882523,"children":{"AgentInfo.ToProto":{"count":4247,"self":0.0459151,"total":0.1269939,"children":{"GenerateSensorData":{"count":4247,"self":0.081078799999999993,"total":0.081078799999999993,"children":null}}}}},"AgentInfo.ToProto":{"count":9578,"self":0.0961046,"total":0.2240052,"children":{"GenerateSensorData":{"count":9578,"self":0.1279006,"total":0.1279006,"children":null}}}},"gauges":{"NavigateToSpot.CumulativeReward":{"count":13825,"max":60.5004349,"min":-53.957592,"runningAverage":-2.516114,"value":-1.00001872,"weightedAverage":-1.22964668}},"metadata":{"timer_format_version":"0.1.0","start_time_seconds":"1705339390","unity_version":"2021.3.11f1","command_line_arguments":"C:\\Program Files\\Unity 2021.3.11f1\\Editor\\Unity.exe -projectpath C:\\studia\\Praca_inzynierska\\Automated Parking System -useHub -hubIPC -cloudEnvironment production -licensingIpc LicenseClient-kubak -hubSessionId b5b8db05-5fec-4e87-ac1b-949f2f85c625 -accessToken 9W3xqgy-z3-jBUW0y1l6e8oPXtFfyY73XCAT9fHl-oY007f","communication_protocol_version":"1.5.0","com.unity.ml-agents_version":"2.0.1","scene_name":"Learning Scene ML-Agents","end_time_seconds":"1705343681"}}