{
    "name": "root",
    "metadata": {
        "timer_format_version": "0.1.0",
        "start_time_seconds": "1703519263",
        "python_version": "3.10.12 (main, Nov 20 2023, 15:14:05) [GCC 11.4.0]",
        "command_line_arguments": "/home/kamyk/.local/bin/mlagents-learn config/NavigateToSpot.yaml --run-id=NavigateToSpotBraking --resume",
        "mlagents_version": "1.0.0",
        "mlagents_envs_version": "1.0.0",
        "communication_protocol_version": "1.5.0",
        "pytorch_version": "2.1.1+cu121",
        "numpy_version": "1.21.2",
        "end_time_seconds": "1703584422"
    },
    "total": 116.11623709400001,
    "count": 1,
    "self": 0.019854538000032562,
    "children": {
        "run_training.setup": {
            "total": 0.06318427200000087,
            "count": 1,
            "self": 0.06318427200000087
        },
        "TrainerController.start_learning": {
            "total": 116.03319828399998,
            "count": 1,
            "self": 0.046612577999127325,
            "children": {
                "TrainerController._reset_env": {
                    "total": 9.642301164000003,
                    "count": 1,
                    "self": 9.642301164000003
                },
                "TrainerController.advance": {
                    "total": 106.13963293400084,
                    "count": 1190,
                    "self": 0.04433039299931352,
                    "children": {
                        "env_step": {
                            "total": 104.68502622800054,
                            "count": 1190,
                            "self": 99.54325547900038,
                            "children": {
                                "SubprocessEnvManager._take_step": {
                                    "total": 5.114434151999603,
                                    "count": 1190,
                                    "self": 0.11282987399971489,
                                    "children": {
                                        "TorchPolicy.evaluate": {
                                            "total": 5.001604277999888,
                                            "count": 1091,
                                            "self": 5.001604277999888
                                        }
                                    }
                                },
                                "workers": {
                                    "total": 0.027336597000555685,
                                    "count": 1189,
                                    "self": 0.0,
                                    "children": {
                                        "worker_root": {
                                            "total": 55.599091952001146,
                                            "count": 1189,
                                            "is_parallel": true,
                                            "self": 18.780014031999286,
                                            "children": {
                                                "run_training.setup": {
                                                    "total": 0.0,
                                                    "count": 0,
                                                    "is_parallel": true,
                                                    "self": 0.0,
                                                    "children": {
                                                        "steps_from_proto": {
                                                            "total": 0.0020699340000192024,
                                                            "count": 1,
                                                            "is_parallel": true,
                                                            "self": 0.0009374720000323578,
                                                            "children": {
                                                                "_process_rank_one_or_two_observation": {
                                                                    "total": 0.0011324619999868446,
                                                                    "count": 2,
                                                                    "is_parallel": true,
                                                                    "self": 0.0011324619999868446
                                                                }
                                                            }
                                                        },
                                                        "UnityEnvironment.step": {
                                                            "total": 0.07749950799998828,
                                                            "count": 1,
                                                            "is_parallel": true,
                                                            "self": 0.00032514799997329646,
                                                            "children": {
                                                                "UnityEnvironment._generate_step_input": {
                                                                    "total": 0.0005685300000095594,
                                                                    "count": 1,
                                                                    "is_parallel": true,
                                                                    "self": 0.0005685300000095594
                                                                },
                                                                "communicator.exchange": {
                                                                    "total": 0.0756405250000114,
                                                                    "count": 1,
                                                                    "is_parallel": true,
                                                                    "self": 0.0756405250000114
                                                                },
                                                                "steps_from_proto": {
                                                                    "total": 0.0009653049999940322,
                                                                    "count": 1,
                                                                    "is_parallel": true,
                                                                    "self": 0.0005568079999989095,
                                                                    "children": {
                                                                        "_process_rank_one_or_two_observation": {
                                                                            "total": 0.0004084969999951227,
                                                                            "count": 2,
                                                                            "is_parallel": true,
                                                                            "self": 0.0004084969999951227
                                                                        }
                                                                    }
                                                                }
                                                            }
                                                        }
                                                    }
                                                },
                                                "UnityEnvironment.step": {
                                                    "total": 36.81907792000186,
                                                    "count": 1188,
                                                    "is_parallel": true,
                                                    "self": 0.26085267300169335,