{
    "name": "root",
    "gauges": {
        "NavigateToSpot.Policy.Entropy.mean": {
            "value": 2.833202362060547,
            "min": 0.8498319983482361,
            "max": 2.836919069290161,
            "count": 47
        },
        "NavigateToSpot.Policy.Entropy.sum": {
            "value": 141696.953125,
            "min": 42640.3203125,
            "max": 141730.59375,
            "count": 47
        },
        "NavigateToSpot.Environment.EpisodeLength.mean": {
            "value": 191.39080459770116,
            "min": 60.8424317617866,
            "max": 198.9442231075697,
            "count": 47
        },
        "NavigateToSpot.Environment.EpisodeLength.sum": {
            "value": 49953.0,
            "min": 49039.0,
            "max": 50300.0,
            "count": 47
        },
        "NavigateToSpot.Step.mean": {
            "value": 2349954.0,
            "min": 49973.0,
            "max": 2349954.0,
            "count": 47
        },
        "NavigateToSpot.Step.sum": {
            "value": 2349954.0,
            "min": 49973.0,
            "max": 2349954.0,
            "count": 47
        },
        "NavigateToSpot.Policy.ExtrinsicValueEstimate.mean": {
            "value": -0.8028429746627808,
            "min": -2.981569528579712,
            "max": 13.19932746887207,
            "count": 47
        },
        "NavigateToSpot.Policy.ExtrinsicValueEstimate.sum": {
            "value": -798.8287353515625,
            "min": -3226.058349609375,
            "max": 15218.82421875,
            "count": 47
        },
        "NavigateToSpot.Environment.CumulativeReward.mean": {
            "value": -1.270383195416338,
            "min": -4.783900675588641,
            "max": -1.0205000680206078,
            "count": 47
        },
        "NavigateToSpot.Environment.CumulativeReward.sum": {
            "value": -331.57001400366426,
            "min": -3598.5349994525313,
            "max": -257.16601714119315,
            "count": 47
        },
        "NavigateToSpot.Policy.ExtrinsicReward.mean": {
            "value": -1.270383195416338,
            "min": -4.783900675588641,
            "max": -1.0205000680206078,
            "count": 47
        },
        "NavigateToSpot.Policy.ExtrinsicReward.sum": {
            "value": -331.57001400366426,
            "min": -3598.5349994525313,
            "max": -257.16601714119315,
            "count": 47
        },
        "NavigateToSpot.Losses.PolicyLoss.mean": {
            "value": 0.025217036193838187,
            "min": 0.020046961225549845,
            "max": 0.02837675968805949,
            "count": 47
        },
        "NavigateToSpot.Losses.PolicyLoss.sum": {
            "value": 0.12608518096919094,
            "min": 0.08018784490219938,
            "max": 0.14188379844029744,
            "count": 47
        },
        "NavigateToSpot.Losses.ValueLoss.mean": {
            "value": 0.07102602454523246,
            "min": 0.019976253946466994,
            "max": 31.4236908753713,
            "count": 47
        },
        "NavigateToSpot.Losses.ValueLoss.sum": {
            "value": 0.3551301227261623,
            "min": 0.09988126973233497,
            "max": 125.6947635014852,
            "count": 47
        },
        "NavigateToSpot.Policy.LearningRate.mean": {
            "value": 0.0003,
            "min": 0.0003,
            "max": 0.0003,
            "count": 47
        },
        "NavigateToSpot.Policy.LearningRate.sum": {
            "value": 0.0014999999999999998,
            "min": 0.0012,
            "max": 0.0014999999999999998,
            "count": 47
        },
        "NavigateToSpot.Policy.Epsilon.mean": {
            "value": 0.2000000000000001,
            "min": 0.20000000000000007,
            "max": 0.2000000000000001,
            "count": 47
        },
        "NavigateToSpot.Policy.Epsilon.sum": {
            "value": 1.0000000000000004,
            "min": 0.8000000000000003,
            "max": 1.0000000000000004,
            "count": 47
        },
        "NavigateToSpot.Policy.Beta.mean": {
            "value": 0.005000000000000001,
            "min": 0.005000000000000001,
            "max": 0.005000000000000001,
            "count": 47
        },
        "NavigateToSpot.Policy.Beta.sum": {
            "value": 0.025000000000000005,
            "min": 0.020000000000000004,
            "max": 0.025000000000000005,
            "count": 47
        },
        "NavigateToSpot.IsTraining.mean": {
            "value": 1.0,
            "min": 1.0,
            "max": 1.0,
            "count": 47
        },
        "NavigateToSpot.IsTraining.sum": {
            "value": 1.0,
            "min": 1.0,
            "max": 1.0,
            "count": 47
        }
    },
    "metadata": {
        "timer_format_version": "0.1.0",
        "start_time_seconds": "1701966314",
        "python_version": "3.10.12 (main, Nov 20 2023, 15:14:05) [GCC 11.4.0]",
        "command_line_arguments": "/home/kamyk/.local/bin/mlagents-learn config/NavigateToSpot.yaml --run-id=NavigateToSpotSensors --force",
        "mlagents_version": "1.0.0",
        "mlagents_envs_version": "1.0.0",
        "communication_protocol_version": "1.5.0",
        "pytorch_version": "2.1.1+cu121",
        "numpy_version": "1.21.2",
        "end_time_seconds": "1701975191"
    },
    "total": 8876.945482035997,
    "count": 1,
    "self": 0.012242736000189325,
    "children": {
        "run_training.setup": {
            "total": 0.024073233998933574,
            "count": 1,
            "self": 0.024073233998933574
        },
        "TrainerController.start_learning": {
            "total": 8876.909166065998,
            "count": 1,
            "self": 9.936911281518405,
            "children": {
                "TrainerController._reset_env": {
                    "total": 7.246958412997628,
                    "count": 1,
                    "self": 7.246958412997628
                },
                "TrainerController.advance": {
                    "total": 8859.63810034248,
                    "count": 274821,
                    "self": 8.890284218563465,
                    "children": {
                        "env_step": {
                            "total": 7974.865551692194,
                            "count": 274821,
                            "self": 7250.4844525915505,
                            "children": {
                                "SubprocessEnvManager._take_step": {
                                    "total": 717.9785206258748,
                                    "count": 274821,
                                    "self": 28.32530915827374,
                                    "children": {
                                        "TorchPolicy.evaluate": {
                                            "total": 689.6532114676011,
                                            "count": 263731,
                                            "self": 689.6532114676011
                                        }
                                    }
                                },
                                "workers": {
                                    "total": 6.402578474768234,
                                    "count": 274820,
                                    "self": 0.0,
                                    "children": {
                                        "worker_root": {
                                            "total": 8851.049225829105,
                                            "count": 274820,
                                            "is_parallel": true,
                                            "self": 2144.748124046175,
                                            "children": {
                                                "run_training.setup": {
                                                    "total": 0.0,
                                                    "count": 0,
                                                    "is_parallel": true,