{
    "name": "root",
    "gauges": {
        "NavigateToSpot.Policy.Entropy.mean": {
            "value": 0.8795546889305115,
            "min": 0.8470091223716736,
            "max": 0.9655793309211731,
            "count": 81
        },
        "NavigateToSpot.Policy.Entropy.sum": {
            "value": 44044.58203125,
            "min": 26985.04296875,
            "max": 48178.546875,
            "count": 81
        },
        "NavigateToSpot.Step.mean": {
            "value": 29999971.0,
            "min": 25999955.0,
            "max": 29999971.0,
            "count": 81
        },
        "NavigateToSpot.Step.sum": {
            "value": 29999971.0,
            "min": 25999955.0,
            "max": 29999971.0,
            "count": 81
        },
        "NavigateToSpot.Policy.ExtrinsicValueEstimate.mean": {
            "value": -19.199466705322266,
            "min": -19.948047637939453,
            "max": -17.281936645507812,
            "count": 81
        },
        "NavigateToSpot.Policy.ExtrinsicValueEstimate.sum": {
            "value": -23000.9609375,
            "min": -23709.431640625,
            "max": -13130.572265625,
            "count": 81
        },
        "NavigateToSpot.Environment.EpisodeLength.mean": {
            "value": 69.48450704225353,
            "min": 67.98055555555555,
            "max": 70.37052932761087,
            "count": 81
        },
        "NavigateToSpot.Environment.EpisodeLength.sum": {
            "value": 49334.0,
            "min": 27656.0,
            "max": 49791.0,
            "count": 81
        },
        "NavigateToSpot.Environment.CumulativeReward.mean": {
            "value": -54.19460668160882,
            "min": -55.71905594571192,
            "max": -51.096727218065,
            "count": 81
        },
        "NavigateToSpot.Environment.CumulativeReward.sum": {
            "value": -38478.17074394226,
            "min": -39620.7657494545,
            "max": -22231.903322339058,
            "count": 81
        },
        "NavigateToSpot.Policy.ExtrinsicReward.mean": {
            "value": -54.19460668160882,
            "min": -55.71905594571192,
            "max": -51.096727218065,
            "count": 81
        },
        "NavigateToSpot.Policy.ExtrinsicReward.sum": {
            "value": -38478.17074394226,
            "min": -39620.7657494545,
            "max": -22231.903322339058,
            "count": 81
        },
        "NavigateToSpot.Losses.PolicyLoss.mean": {
            "value": 0.02333273292063192,
            "min": 0.019820187969986972,
            "max": 0.027704178784091104,
            "count": 81
        },
        "NavigateToSpot.Losses.PolicyLoss.sum": {
            "value": 0.1166636646031596,
            "min": 0.04509052866293738,
            "max": 0.13852089392045552,
            "count": 81
        },
        "NavigateToSpot.Losses.ValueLoss.mean": {
            "value": 7.007546723683676,
            "min": 5.725948844353358,
            "max": 7.799751345316568,
            "count": 81
        },
        "NavigateToSpot.Losses.ValueLoss.sum": {
            "value": 35.03773361841838,
            "min": 13.139140860239664,
            "max": 38.99875672658284,
            "count": 81
        },
        "NavigateToSpot.Policy.LearningRate.mean": {
            "value": 2.9054790318400534e-07,
            "min": 2.9054790318400534e-07,
            "max": 4.0128576623836664e-05,
            "count": 81
        },
        "NavigateToSpot.Policy.LearningRate.sum": {
            "value": 1.4527395159200268e-06,
            "min": 1.4527395159200268e-06,
            "max": 0.00019884754371763007,
            "count": 81
        },
        "NavigateToSpot.Policy.Epsilon.mean": {
            "value": 0.10009681600000002,
            "min": 0.10009681600000002,
            "max": 0.11337616333333336,
            "count": 81
        },
        "NavigateToSpot.Policy.Epsilon.sum": {
            "value": 0.5004840800000001,
            "min": 0.22675232666666673,
            "max": 0.5662823700000001,
            "count": 81
        },
        "NavigateToSpot.Policy.Beta.mean": {
            "value": 1.483111840000009e-05,
            "min": 1.483111840000009e-05,
            "max": 0.0006774705503333333,
            "count": 81
        },
        "NavigateToSpot.Policy.Beta.sum": {
            "value": 7.415559200000045e-05,
            "min": 7.415559200000045e-05,
            "max": 0.003357490263,
            "count": 81
        },
        "NavigateToSpot.IsTraining.mean": {
            "value": 1.0,
            "min": 1.0,
            "max": 1.0,
            "count": 81
        },
        "NavigateToSpot.IsTraining.sum": {
            "value": 1.0,
            "min": 1.0,
            "max": 1.0,
            "count": 81
        }
    },
    "metadata": {
        "timer_format_version": "0.1.0",
        "start_time_seconds": "1705086090",
        "python_version": "3.10.12 (main, Nov 20 2023, 15:14:05) [GCC 11.4.0]",
        "command_line_arguments": "/home/kamyk/.local/bin/mlagents-learn config/NavigateToSpot.yaml --run-id=NavigateToSpotBreaking --resume",
        "mlagents_version": "1.0.0",
        "mlagents_envs_version": "1.0.0",
        "communication_protocol_version": "1.5.0",
        "pytorch_version": "2.1.1+cu121",
        "numpy_version": "1.21.2",
        "end_time_seconds": "1705093711"
    },
    "total": 7621.085414804,
    "count": 1,
    "self": 0.04494898900065891,
    "children": {
        "run_training.setup": {
            "total": 0.015456764999726147,
            "count": 1,
            "self": 0.015456764999726147
        },
        "TrainerController.start_learning": {
            "total": 7621.025009049999,
            "count": 1,
            "self": 4.104917529796694,
            "children": {
                "TrainerController._reset_env": {
                    "total": 6.045950441000059,
                    "count": 1,
                    "self": 6.045950441000059
                },
                "TrainerController.advance": {
                    "total": 7610.799722483202,
                    "count": 155809,
                    "self": 3.7783072251677368,
                    "children": {
                        "env_step": {
                            "total": 6340.120214984979,
                            "count": 155809,
                            "self": 6132.49206679767,
                            "children": {
                                "SubprocessEnvManager._take_step": {
                                    "total": 204.9995588230713,
                                    "count": 155809,
                                    "self": 8.572776057564624,
                                    "children": {
                                        "TorchPolicy.evaluate": {
                                            "total": 196.4267827655067,
                                            "count": 111926,
                                            "self": 196.4267827655067
                                        }
                                    }
                                },
                                "workers": {
                                    "total": 2.6285893642370866,
                                    "count": 155809,
                                    "self": 0.0,
                                    "children": {
                                        "worker_root": {
                                            "total": 7612.27826016792,
                                            "count": 155809,
                                            "is_parallel": true,
                                            "self": 1768.4251490509077,
                                            "children": {
                                                "run_training.setup": {
                                                    "total": 0.0,
                                                    "count": 0,